ORDER00102,CUST0038,2025-01-01,Flyer,116
ORDER00139,CUST0025,2025-01-01,Canvas Print,4144
ORDER00398,CUST0161,2025-01-01,Greeting Card,456
ORDER00732,CUST0159,2025-01-01,Business Card,1192
ORDER00095,CUST0282,2025-01-03,Business Card,1083
ORDER00513,CUST0092,2025-01-03,Flyer,1057
ORDER00724,CUST0059,2025-01-03,Poster,1599
ORDER00159,CUST0156,2025-01-04,Canvas Print,4028
ORDER00785,CUST0195,2025-01-04,Poster,1243
ORDER00921,CUST0281,2025-01-05,Photo Book,2785
ORDER00299,CUST0181,2025-01-06,Business Card,963
ORDER00920,CUST0124,2025-01-06,Poster,15
ORDER00459,CUST0177,2025-01-07,Canvas Print,3928
ORDER00470,CUST0160,2025-01-07,Photo Book,2332
ORDER00579,CUST0079,2025-01-07,Poster,1701
ORDER00814,CUST0285,2025-01-07,Poster,1578
ORDER00628,CUST0046,2025-01-08,Business Card,1117
ORDER00947,CUST0074,2025-01-08,Business Card,1082
ORDER00005,CUST0261,2025-01-10,Flyer,1116
ORDER00765,CUST0298,2025-01-10,Greeting Card,587
ORDER00859,CUST0076,2025-01-11,Greeting Card,5
ORDER00603,CUST0147,2025-01-12,Photo Book,2033
ORDER00282,CUST0087,2025-01-13,Greeting Card,505
ORDER00536,CUST0206,2025-01-13,Canvas Print,3488
ORDER00786,CUST0118,2025-01-13,Business Card,1059
ORDER00968,CUST0121,2025-01-13,Photo Book,2462
ORDER00463,CUST0241,2025-01-14,Flyer,1143
ORDER00571,CUST0204,2025-01-14,Business Card,1109
ORDER00601,CUST0084,2025-01-14,Photo Book,2635
ORDER00755,CUST0237,2025-01-16,Greeting Card,445
ORDER00856,CUST0026,2025-01-16,Photo Book,2739
ORDER00888,CUST0129,2025-01-16,Photo Book,2595
ORDER00664,CUST0092,2025-01-18,Canvas Print,4145
ORDER00061,CUST0042,2025-01-19,Canvas Print,3941
ORDER00104,CUST0200,2025-01-19,Business Card,1114
ORDER00204,CUST0239,2025-01-19,Business Card,1079
ORDER00806,CUST0156,2025-01-19,Photo Book,219
ORDER00711,CUST0147,2025-01-20,Poster,1469
ORDER00752,CUST0125,2025-01-21,Flyer,1185
ORDER00932,CUST0157,2025-01-21,Canvas Print,3854
ORDER00563,CUST0193,2025-01-22,Photo Book,2355
ORDER00754,CUST0131,2025-01-23,Canvas Print,4724
ORDER00157,CUST0150,2025-01-24,Canvas Print,4715
ORDER00466,CUST0062,2025-01-24,Greeting Card,477
ORDER00912,CUST0293,2025-01-24,Flyer,1149
ORDER00012,CUST0101,2025-01-26,Canvas Print,404
ORDER00049,CUST0063,2025-01-27,Business Card,1187
ORDER00454,CUST0005,2025-01-27,Flyer,109
ORDER00527,CUST0045,2025-01-28,Business Card,1105
ORDER00530,CUST0023,2025-01-28,Canvas Print,4719
ORDER00692,CUST0178,2025-01-28,Flyer,86
ORDER00993,CUST0161,2025-01-28,Greeting Card,462
ORDER00634,CUST0236,2025-01-29,Poster,1441
ORDER00057,CUST0198,2025-01-30,Business Card,984
ORDER00389,CUST0098,2025-01-30,Canvas Print,3268
ORDER00436,CUST0011,2025-01-30,Canvas Print,3337
ORDER00844,CUST0129,2025-01-30,Flyer,1109
ORDER00529,CUST0031,2025-01-31,Flyer,942
ORDER00837,CUST0184,2025-01-31,Greeting Card,435
ORDER00472,CUST0269,2025-02-01,Canvas Print,4382
ORDER00973,CUST0208,2025-02-01,Flyer,964
ORDER00343,CUST0172,2025-02-02,Flyer,1088
ORDER00520,CUST0170,2025-02-02,Greeting Card,538
ORDER00764,CUST0087,2025-02-02,Canvas Print,3701
ORDER00828,CUST0216,2025-02-02,Canvas Print,4326
ORDER00954,CUST0084,2025-02-02,Photo Book,2786
ORDER00144,CUST0017,2025-02-03,Business Card,1324
ORDER00193,CUST0266,2025-02-03,Greeting Card,509
ORDER00450,CUST0218,2025-02-03,Poster,1642
ORDER00494,CUST0090,2025-02-03,Flyer,1033
ORDER00547,CUST0223,2025-02-03,Business Card,1276
ORDER00234,CUST0234,2025-02-04,Flyer,104
ORDER00321,CUST0036,2025-02-04,Canvas Print,4547
ORDER00230,CUST0082,2025-02-05,Poster,1627
ORDER00738,CUST0152,2025-02-05,Poster,1275
ORDER00793,CUST0276,2025-02-05,Canvas Print,4456
ORDER00120,CUST0029,2025-02-06,Poster,1795
ORDER00257,CUST0009,2025-02-06,Canvas Print,378
ORDER00272,CUST0075,2025-02-06,Flyer,925
ORDER00289,CUST0098,2025-02-06,Greeting Card,559
ORDER00336,CUST0042,2025-02-06,Poster,1529
ORDER00344,CUST0102,2025-02-06,Canvas Print,4587
ORDER00545,CUST0233,2025-02-06,Flyer,1011
ORDER00580,CUST0058,2025-02-06,Canvas Print,4455
ORDER00740,CUST0177,2025-02-06,Greeting Card,523
ORDER00013,CUST0273,2025-02-07,Photo Book,2033
ORDER00478,CUST0105,2025-02-07,Poster,1529
ORDER00488,CUST0261,2025-02-07,Greeting Card,542
ORDER00569,CUST0175,2025-02-07,Poster,1713
ORDER00126,CUST0101,2025-02-08,Greeting Card,48
ORDER00202,CUST0054,2025-02-08,Flyer,1013
ORDER00411,CUST0039,2025-02-08,Flyer,844
ORDER00510,CUST0216,2025-02-08,Canvas Print,4044
ORDER00934,CUST0156,2025-02-08,Business Card,1014
ORDER00001,CUST0259,2025-02-10,Canvas Print,4541
ORDER00008,CUST0013,2025-02-10,Poster,1351
ORDER00417,CUST0236,2025-02-10,Poster,1531
ORDER00787,CUST0270,2025-02-10,Canvas Print,381
ORDER00284,CUST0027,2025-02-11,Flyer,1058
ORDER00369,CUST0016,2025-02-11,Greeting Card,519
ORDER00532,CUST0158,2025-02-12,Greeting Card,524
ORDER00739,CUST0050,2025-02-12,Flyer,1119
ORDER00066,CUST0231,2025-02-13,Business Card,1093
ORDER00429,CUST0073,2025-02-13,Business Card,102
ORDER00804,CUST0120,2025-02-13,Flyer,1192
ORDER00004,CUST0010,2025-02-14,Flyer,907
ORDER00868,CUST0220,2025-02-14,Canvas Print,3901
ORDER00166,CUST0189,2025-02-15,Poster,1708
ORDER00415,CUST0185,2025-02-15,Poster,1715
ORDER00587,CUST0271,2025-02-16,Photo Book,2515
ORDER00923,CUST0203,2025-02-16,Flyer,88
ORDER00823,CUST0206,2025-02-18,Flyer,1078
ORDER00897,CUST0224,2025-02-18,Photo Book,2514
ORDER00925,CUST0271,2025-02-18,Photo Book,2408
ORDER00927,CUST0141,2025-02-18,Business Card,974
ORDER00929,CUST0290,2025-02-18,Photo Book,2281
ORDER00262,CUST0246,2025-02-19,Business Card,1249
ORDER00288,CUST0168,2025-02-19,Business Card,1214
ORDER00779,CUST0163,2025-02-19,Greeting Card,521
ORDER00948,CUST0039,2025-02-19,Canvas Print,4388
ORDER00196,CUST0055,2025-02-20,Business Card,1033
ORDER00201,CUST0255,2025-02-20,Business Card,1189
ORDER00203,CUST0249,2025-02-20,Photo Book,2168
ORDER00206,CUST0067,2025-02-20,Greeting Card,471
ORDER00283,CUST0117,2025-02-20,Photo Book,2633
ORDER00877,CUST0073,2025-02-20,Canvas Print,328
ORDER00989,CUST0175,2025-02-20,Poster,1581
ORDER00362,CUST0268,2025-02-21,Poster,1633
ORDER00535,CUST0258,2025-02-21,Business Card,1222
ORDER00531,CUST0160,2025-02-22,Greeting Card,592
ORDER00178,CUST0019,2025-02-23,Photo Book,2099
ORDER00281,CUST0076,2025-02-23,Poster,1723
ORDER00346,CUST0275,2025-02-23,Greeting Card,564
ORDER00440,CUST0199,2025-02-24,Greeting Card,556
ORDER00654,CUST0267,2025-02-24,Flyer,941
ORDER00452,CUST0259,2025-02-25,Business Card,1395
ORDER00770,CUST0111,2025-02-25,Photo Book,2163
ORDER00972,CUST0152,2025-02-25,Flyer,984
ORDER00983,CUST0167,2025-02-25,Flyer,1017
ORDER00722,CUST0150,2025-02-26,Canvas Print,3427
ORDER00906,CUST0117,2025-02-26,Canvas Print,4584
ORDER00279,CUST0165,2025-02-27,Poster,1758
ORDER00433,CUST0061,2025-02-27,Greeting Card,536
ORDER00177,CUST0144,2025-02-28,Greeting Card,427
ORDER00863,CUST0287,2025-02-28,Business Card,10
ORDER00009,CUST0168,2025-03-01,Canvas Print,3552
ORDER00446,CUST0063,2025-03-01,Business Card,1362
ORDER00592,CUST0130,2025-03-01,Business Card,1389
ORDER00612,CUST0274,2025-03-01,Flyer,1139
ORDER00689,CUST0041,2025-03-01,Flyer,888
ORDER00840,CUST0151,2025-03-01,Business Card,1254
ORDER00225,CUST0147,2025-03-02,Greeting Card,559
ORDER00236,CUST0119,2025-03-03,Greeting Card,492
ORDER00428,CUST0193,2025-03-03,Business Card,1407
ORDER00400,CUST0108,2025-03-04,Poster,1606
ORDER00214,CUST0078,2025-03-05,Canvas Print,4072
ORDER00451,CUST0241,2025-03-05,Photo Book,233
ORDER00639,CUST0117,2025-03-05,Canvas Print,3527
ORDER00644,CUST0072,2025-03-05,Greeting Card,527
ORDER00819,CUST0245,2025-03-05,Flyer,869
ORDER00913,CUST0300,2025-03-05,Flyer,1055
ORDER00366,CUST0047,2025-03-06,Canvas Print,3502
ORDER00443,CUST0059,2025-03-06,Photo Book,2688
ORDER00883,CUST0132,2025-03-06,Poster,1747
ORDER00171,CUST0215,2025-03-07,Business Card,1011
ORDER00249,CUST0059,2025-03-07,Greeting Card,498
ORDER00305,CUST0296,2025-03-07,Poster,1263
ORDER00352,CUST0080,2025-03-07,Photo Book,2303
ORDER00100,CUST0011,2025-03-08,Canvas Print,4154
ORDER00253,CUST0209,2025-03-08,Flyer,1025
ORDER00444,CUST0072,2025-03-08,Greeting Card,448
ORDER00208,CUST0097,2025-03-09,Photo Book,2709
ORDER00215,CUST0288,2025-03-09,Business Card,1039
ORDER00016,CUST0094,2025-03-10,Flyer,1182
ORDER00042,CUST0295,2025-03-10,Greeting Card,401
ORDER00127,CUST0110,2025-03-10,Canvas Print,4656
ORDER00276,CUST0041,2025-03-10,Flyer,888
ORDER00626,CUST0181,2025-03-11,Poster,1538
ORDER00593,CUST0175,2025-03-12,Business Card,96
ORDER00745,CUST0228,2025-03-12,Business Card,1299
ORDER00807,CUST0207,2025-03-12,Flyer,1033
ORDER00850,CUST0290,2025-03-12,Canvas Print,4698
ORDER00981,CUST0100,2025-03-12,Business Card,1339
ORDER00163,CUST0148,2025-03-13,Canvas Print,4467
ORDER00655,CUST0214,2025-03-13,Greeting Card,565
ORDER00971,CUST0072,2025-03-13,Business Card,1102
ORDER00044,CUST0014,2025-03-14,Greeting Card,521
ORDER00111,CUST0104,2025-03-14,Canvas Print,4003
ORDER00303,CUST0149,2025-03-14,Flyer,1154
ORDER00101,CUST0254,2025-03-15,Poster,153
ORDER00618,CUST0145,2025-03-15,Greeting Card,55
ORDER00693,CUST0084,2025-03-15,Poster,1428
ORDER00183,CUST0194,2025-03-16,Flyer,925
ORDER00957,CUST0173,2025-03-16,Photo Book,2271
ORDER00809,CUST0251,2025-03-17,Business Card,1209
ORDER00103,CUST0134,2025-03-18,Greeting Card,481
ORDER00998,CUST0143,2025-03-18,Business Card,132
ORDER00267,CUST0029,2025-03-19,Poster,1236
ORDER00990,CUST0049,2025-03-19,Greeting Card,516
ORDER00608,CUST0163,2025-03-20,Flyer,1197
ORDER00641,CUST0064,2025-03-20,Business Card,1102
ORDER00387,CUST0108,2025-03-21,Flyer,107
ORDER00994,CUST0119,2025-03-21,Canvas Print,3467
ORDER00148,CUST0182,2025-03-22,Business Card,1138
ORDER00388,CUST0188,2025-03-22,Greeting Card,423
ORDER00677,CUST0194,2025-03-22,Flyer,1056
ORDER00233,CUST0011,2025-03-23,Poster,1556
ORDER00260,CUST0281,2025-03-23,Flyer,982
ORDER00426,CUST0293,2025-03-23,Greeting Card,407
ORDER00465,CUST0178,2025-03-23,Poster,1246
ORDER00578,CUST0134,2025-03-23,Photo Book,2603
ORDER00584,CUST0004,2025-03-23,Flyer,818
ORDER00681,CUST0122,2025-03-23,Flyer,1158
ORDER00432,CUST0293,2025-03-24,Business Card,985
ORDER00622,CUST0027,2025-03-24,Poster,1608
ORDER00703,CUST0188,2025-03-24,Flyer,118
ORDER00753,CUST0268,2025-03-24,Poster,1629
ORDER00916,CUST0043,2025-03-24,Business Card,1217
ORDER00599,CUST0092,2025-03-25,Photo Book,2513
ORDER00725,CUST0131,2025-03-25,Canvas Print,3452
ORDER00924,CUST0051,2025-03-25,Canvas Print,4144
ORDER00244,CUST0280,2025-03-26,Greeting Card,594
ORDER00273,CUST0146,2025-03-26,Flyer,902
ORDER00325,CUST0244,2025-03-26,Poster,1626
ORDER00431,CUST0187,2025-03-26,Poster,1785
ORDER00493,CUST0176,2025-03-26,Canvas Print,4275
ORDER00671,CUST0289,2025-03-26,Flyer,975
ORDER00241,CUST0222,2025-03-27,Business Card,1287
ORDER00245,CUST0081,2025-03-27,Business Card,1416
ORDER00646,CUST0274,2025-03-27,Canvas Print,3672
ORDER00663,CUST0086,2025-03-28,Greeting Card,506
ORDER00017,CUST0095,2025-03-29,Poster,1215
ORDER00401,CUST0227,2025-03-29,Canvas Print,471
ORDER00944,CUST0090,2025-03-29,Greeting Card,585
ORDER00255,CUST0209,2025-03-30,Flyer,1042
ORDER00365,CUST0026,2025-03-30,Canvas Print,3364
ORDER00549,CUST0163,2025-03-30,Business Card,1266
ORDER00583,CUST0285,2025-03-30,Greeting Card,561
ORDER00825,CUST0276,2025-03-30,Greeting Card,418
ORDER00015,CUST0038,2025-03-31,Business Card,991
ORDER00190,CUST0055,2025-03-31,Greeting Card,495
ORDER00277,CUST0034,2025-03-31,Flyer,1094
ORDER00505,CUST0040,2025-03-31,Greeting Card,579
ORDER00548,CUST0188,2025-03-31,Canvas Print,3374
ORDER00955,CUST0263,2025-03-31,Photo Book,2632
ORDER00290,CUST0268,2025-04-01,Canvas Print,4785
ORDER00396,CUST0004,2025-04-01,Photo Book,2876
ORDER00464,CUST0061,2025-04-02,Photo Book,2575
ORDER00767,CUST0002,2025-04-02,Business Card,1431
ORDER00891,CUST0143,2025-04-02,Photo Book,2885
ORDER00367,CUST0288,2025-04-03,Photo Book,2783
ORDER00836,CUST0223,2025-04-03,Poster,1201
ORDER00687,CUST0073,2025-04-04,Photo Book,30
ORDER00092,CUST0115,2025-04-05,Greeting Card,566
ORDER00310,CUST0295,2025-04-06,Canvas Print,3239
ORDER00333,CUST0217,2025-04-06,Flyer,809
ORDER00430,CUST0140,2025-04-06,Photo Book,2737
ORDER00153,CUST0161,2025-04-08,Flyer,866
ORDER00192,CUST0288,2025-04-08,Greeting Card,599
ORDER00219,CUST0223,2025-04-08,Poster,169
ORDER00269,CUST0098,2025-04-08,Flyer,1056
ORDER00503,CUST0186,2025-04-08,Greeting Card,545
ORDER00659,CUST0076,2025-04-08,Canvas Print,3664
ORDER00838,CUST0178,2025-04-08,Canvas Print,3387
ORDER00024,CUST0296,2025-04-09,Canvas Print,3464
ORDER00280,CUST0153,2025-04-09,Photo Book,2031
ORDER00298,CUST0193,2025-04-09,Flyer,828
ORDER00349,CUST0017,2025-04-09,Photo Book,2526
ORDER00072,CUST0196,2025-04-10,Flyer,103
ORDER00769,CUST0041,2025-04-10,Poster,1349
ORDER00105,CUST0023,2025-04-11,Greeting Card,55
ORDER00295,CUST0046,2025-04-11,Poster,1226
ORDER00507,CUST0237,2025-04-11,Canvas Print,3704
ORDER00594,CUST0084,2025-04-11,Flyer,1161
ORDER00540,CUST0224,2025-04-12,Photo Book,2481
ORDER00669,CUST0002,2025-04-12,Photo Book,2204
ORDER00691,CUST0264,2025-04-12,Poster,1525
ORDER00185,CUST0114,2025-04-13,Canvas Print,3981
ORDER00616,CUST0072,2025-04-13,Business Card,973
ORDER00750,CUST0186,2025-04-13,Business Card,1191
ORDER00800,CUST0107,2025-04-14,Business Card,1176
ORDER00047,CUST0125,2025-04-15,Photo Book,247
ORDER00633,CUST0273,2025-04-15,Greeting Card,569
ORDER00514,CUST0059,2025-04-16,Business Card,1349
ORDER00609,CUST0281,2025-04-16,Flyer,955
ORDER00297,CUST0130,2025-04-17,Greeting Card,527
ORDER00032,CUST0165,2025-04-18,Greeting Card,447
ORDER00160,CUST0049,2025-04-18,Business Card,1142
ORDER00374,CUST0270,2025-04-18,Poster,1764
ORDER00407,CUST0141,2025-04-18,Greeting Card,5
ORDER00610,CUST0280,2025-04-18,Greeting Card,515
ORDER00845,CUST0264,2025-04-18,Greeting Card,525
ORDER00149,CUST0152,2025-04-19,Photo Book,2027
ORDER00121,CUST0296,2025-04-20,Photo Book,282
ORDER00189,CUST0264,2025-04-20,Poster,1425
ORDER00217,CUST0165,2025-04-20,Canvas Print,48
ORDER00331,CUST0017,2025-04-20,Poster,1291
ORDER00383,CUST0273,2025-04-21,Photo Book,2943
ORDER00640,CUST0072,2025-04-21,Business Card,1083
ORDER00658,CUST0041,2025-04-21,Canvas Print,3273
ORDER00660,CUST0046,2025-04-21,Photo Book,2931
ORDER00758,CUST0021,2025-04-21,Canvas Print,4283
ORDER00979,CUST0152,2025-04-21,Greeting Card,573
ORDER00360,CUST0025,2025-04-22,Business Card,1383
ORDER00607,CUST0162,2025-04-22,Flyer,1049
ORDER00036,CUST0132,2025-04-23,Photo Book,2272
ORDER00307,CUST0164,2025-04-24,Poster,1634
ORDER00372,CUST0086,2025-04-24,Business Card,1184
ORDER00544,CUST0113,2025-04-25,Business Card,1438
ORDER00568,CUST0192,2025-04-25,Flyer,957
ORDER00728,CUST0035,2025-04-25,Photo Book,2671
ORDER00737,CUST0020,2025-04-25,Photo Book,2782
ORDER00506,CUST0040,2025-04-26,Greeting Card,569
ORDER00696,CUST0007,2025-04-26,Flyer,808
ORDER00138,CUST0244,2025-04-27,Poster,1717
ORDER00509,CUST0262,2025-04-27,Photo Book,2982
ORDER00195,CUST0087,2025-04-28,Flyer,1043
ORDER00406,CUST0269,2025-04-28,Flyer,842
ORDER00490,CUST0124,2025-04-28,Business Card,125
ORDER00880,CUST0159,2025-04-28,Canvas Print,377
ORDER00936,CUST0136,2025-04-28,Greeting Card,557
ORDER00342,CUST0108,2025-04-29,Greeting Card,438
ORDER00588,CUST0285,2025-04-29,Flyer,1123
ORDER00632,CUST0206,2025-04-30,Poster,1742
ORDER00554,CUST0222,2025-05-01,Greeting Card,444
ORDER00826,CUST0181,2025-05-01,Greeting Card,511
ORDER00224,CUST0085,2025-05-02,Poster,1395
ORDER00810,CUST0130,2025-05-02,Business Card,996
ORDER00831,CUST0126,2025-05-02,Flyer,98
ORDER00467,CUST0145,2025-05-03,Photo Book,2368
ORDER00397,CUST0210,2025-05-04,Business Card,1048
ORDER00590,CUST0075,2025-05-04,Poster,1347
ORDER00694,CUST0111,2025-05-04,Poster,1449
ORDER00155,CUST0285,2025-05-05,Canvas Print,3272
ORDER00205,CUST0229,2025-05-05,Canvas Print,4542
ORDER00237,CUST0020,2025-05-05,Flyer,815
ORDER00566,CUST0210,2025-05-05,Greeting Card,591
ORDER00893,CUST0076,2025-05-05,Greeting Card,499
ORDER00033,CUST0005,2025-05-06,Photo Book,2787
ORDER00090,CUST0130,2025-05-06,Flyer,801
ORDER00345,CUST0012,2025-05-06,Business Card,1178
ORDER00006,CUST0138,2025-05-07,Poster,1544
ORDER00457,CUST0047,2025-05-07,Poster,1439
ORDER00035,CUST0062,2025-05-08,Poster,1358
ORDER00080,CUST0228,2025-05-08,Greeting Card,546
ORDER00174,CUST0158,2025-05-08,Business Card,107
ORDER00399,CUST0016,2025-05-08,Canvas Print,3407
ORDER00550,CUST0074,2025-05-08,Flyer,999
ORDER00651,CUST0217,2025-05-08,Business Card,983
ORDER00069,CUST0097,2025-05-09,Greeting Card,564
ORDER00347,CUST0101,2025-05-09,Photo Book,2555
ORDER00652,CUST0289,2025-05-09,Greeting Card,545
ORDER00022,CUST0035,2025-05-10,Photo Book,2138
ORDER00328,CUST0073,2025-05-10,Photo Book,2863
ORDER00458,CUST0215,2025-05-10,Flyer,1105
ORDER00542,CUST0046,2025-05-10,Business Card,1284
ORDER00702,CUST0297,2025-05-10,Poster,1417
ORDER00788,CUST0080,2025-05-10,Canvas Print,4771
ORDER00905,CUST0282,2025-05-10,Greeting Card,467
ORDER00293,CUST0190,2025-05-12,Canvas Print,3344
ORDER00613,CUST0271,2025-05-12,Canvas Print,4644
ORDER00975,CUST0154,2025-05-12,Poster,1431
ORDER00304,CUST0267,2025-05-13,Poster,162
ORDER00833,CUST0285,2025-05-13,Photo Book,2584
ORDER00835,CUST0039,2025-05-13,Greeting Card,45
ORDER00418,CUST0239,2025-05-14,Canvas Print,3865
ORDER00533,CUST0039,2025-05-14,Business Card,1406
ORDER00713,CUST0238,2025-05-15,Canvas Print,3488
ORDER00743,CUST0250,2025-05-15,Business Card,1228
ORDER00182,CUST0175,2025-05-16,Poster,1437
ORDER00220,CUST0007,2025-05-16,Photo Book,2207
ORDER00231,CUST0002,2025-05-16,Greeting Card,581
ORDER00946,CUST0108,2025-05-16,Poster,1532
ORDER00247,CUST0158,2025-05-17,Photo Book,2094
ORDER00112,CUST0171,2025-05-19,Flyer,856
ORDER00235,CUST0195,2025-05-19,Greeting Card,471
ORDER00704,CUST0014,2025-05-19,Flyer,1053
ORDER00073,CUST0086,2025-05-20,Flyer,812
ORDER00635,CUST0228,2025-05-20,Greeting Card,553
ORDER00751,CUST0246,2025-05-20,Photo Book,2118
ORDER00908,CUST0154,2025-05-20,Business Card,1373
ORDER00223,CUST0151,2025-05-21,Flyer,92
ORDER00666,CUST0161,2025-05-21,Photo Book,2362
ORDER00977,CUST0068,2025-05-21,Poster,1458
ORDER00474,CUST0089,2025-05-22,Business Card,1268
ORDER00759,CUST0225,2025-05-23,Poster,1575
ORDER00818,CUST0198,2025-05-23,Poster,1557
ORDER00060,CUST0179,2025-05-24,Greeting Card,457
ORDER00574,CUST0227,2025-05-24,Photo Book,2781
ORDER00134,CUST0117,2025-05-25,Flyer,1141
ORDER00782,CUST0164,2025-05-25,Greeting Card,417
ORDER00881,CUST0098,2025-05-25,Canvas Print,3225
ORDER00083,CUST0015,2025-05-26,Greeting Card,452
ORDER00275,CUST0042,2025-05-26,Canvas Print,4754
ORDER00296,CUST0064,2025-05-26,Flyer,937
ORDER00705,CUST0012,2025-05-30,Canvas Print,3408
ORDER00918,CUST0107,2025-05-30,Greeting Card,557
ORDER00986,CUST0164,2025-05-30,Photo Book,2732
ORDER00082,CUST0184,2025-05-31,Greeting Card,534
ORDER00665,CUST0148,2025-05-31,Poster,1237
ORDER00123,CUST0214,2025-06-01,Greeting Card,506
ORDER00864,CUST0142,2025-06-01,Photo Book,2807
ORDER00885,CUST0019,2025-06-01,Poster,1455
ORDER00010,CUST0130,2025-06-02,Photo Book,2488
ORDER00078,CUST0294,2025-06-02,Business Card,1039
ORDER00393,CUST0183,2025-06-02,Canvas Print,4281
ORDER00525,CUST0133,2025-06-02,Greeting Card,409
ORDER00595,CUST0022,2025-06-02,Business Card,1034
ORDER00118,CUST0287,2025-06-03,Poster,1518
ORDER00889,CUST0089,2025-06-03,Business Card,1139
ORDER00088,CUST0047,2025-06-04,Photo Book,2721
ORDER00537,CUST0077,2025-06-04,Photo Book,2459
ORDER00557,CUST0196,2025-06-04,Poster,1306
ORDER00564,CUST0022,2025-06-04,Photo Book,2698
ORDER00624,CUST0050,2025-06-04,Greeting Card,486
ORDER00733,CUST0024,2025-06-04,Greeting Card,501
ORDER00070,CUST0289,2025-06-05,Canvas Print,4051
ORDER00130,CUST0055,2025-06-05,Business Card,1184
ORDER00218,CUST0182,2025-06-05,Flyer,86
ORDER00475,CUST0068,2025-06-05,Photo Book,2571
ORDER00857,CUST0136,2025-06-05,Canvas Print,3543
ORDER00209,CUST0092,2025-06-07,Flyer,871
ORDER00332,CUST0129,2025-06-07,Flyer,906
ORDER00469,CUST0003,2025-06-07,Canvas Print,3897
ORDER00643,CUST0209,2025-06-07,Photo Book,2033
ORDER00698,CUST0208,2025-06-07,Canvas Print,4028
ORDER00706,CUST0087,2025-06-07,Greeting Card,512
ORDER00967,CUST0010,2025-06-07,Greeting Card,469
ORDER00596,CUST0027,2025-06-08,Poster,1794
ORDER00145,CUST0128,2025-06-09,Canvas Print,3358
ORDER00481,CUST0137,2025-06-09,Greeting Card,509
ORDER00776,CUST0145,2025-06-09,Photo Book,2935
ORDER00355,CUST0149,2025-06-10,Flyer,848
ORDER00491,CUST0038,2025-06-10,Business Card,1187
ORDER00575,CUST0007,2025-06-10,Business Card,1421
ORDER00591,CUST0288,2025-06-10,Business Card,1153
ORDER00964,CUST0026,2025-06-10,Photo Book,2522
ORDER00212,CUST0096,2025-06-11,Canvas Print,3576
ORDER00551,CUST0233,2025-06-11,Greeting Card,481
ORDER00684,CUST0123,2025-06-11,Flyer,909
ORDER00726,CUST0202,2025-06-11,Canvas Print,339
ORDER00175,CUST0285,2025-06-12,Business Card,1429
ORDER00186,CUST0222,2025-06-12,Flyer,852
ORDER00213,CUST0088,2025-06-12,Poster,1698
ORDER00987,CUST0242,2025-06-12,Business Card,1383
ORDER00318,CUST0069,2025-06-13,Flyer,1148
ORDER00790,CUST0266,2025-06-13,Greeting Card,547
ORDER00939,CUST0158,2025-06-13,Photo Book,2721
ORDER00125,CUST0257,2025-06-14,Canvas Print,3335
ORDER00287,CUST0219,2025-06-14,Canvas Print,4373
ORDER00543,CUST0155,2025-06-14,Photo Book,2137
ORDER00670,CUST0225,2025-06-14,Greeting Card,402
ORDER00903,CUST0003,2025-06-14,Poster,1324
ORDER00701,CUST0127,2025-06-15,Poster,1489
ORDER00926,CUST0277,2025-06-15,Poster,1482
ORDER00439,CUST0153,2025-06-16,Flyer,1129
ORDER00668,CUST0242,2025-06-16,Canvas Print,3521
ORDER00783,CUST0287,2025-06-16,Flyer,933
ORDER00942,CUST0077,2025-06-16,Business Card,1347
ORDER00962,CUST0214,2025-06-16,Business Card,1358
ORDER00312,CUST0227,2025-06-17,Flyer,102
ORDER00605,CUST0058,2025-06-17,Canvas Print,3911
ORDER00108,CUST0104,2025-06-18,Business Card,127
ORDER00141,CUST0075,2025-06-18,Canvas Print,3815
ORDER00146,CUST0251,2025-06-18,Business Card,1387
ORDER00173,CUST0032,2025-06-18,Business Card,1427
ORDER00911,CUST0133,2025-06-18,Poster,1447
ORDER00179,CUST0018,2025-06-20,Photo Book,2209
ORDER00194,CUST0162,2025-06-20,Greeting Card,418
ORDER00271,CUST0293,2025-06-20,Canvas Print,3585
ORDER00337,CUST0025,2025-06-20,Flyer,888
ORDER00570,CUST0285,2025-06-20,Poster,1664
ORDER00674,CUST0116,2025-06-20,Greeting Card,438
ORDER00851,CUST0193,2025-06-20,Business Card,122
ORDER00922,CUST0292,2025-06-20,Greeting Card,52
ORDER00188,CUST0132,2025-06-21,Greeting Card,474
ORDER00597,CUST0195,2025-06-22,Photo Book,2955
ORDER00820,CUST0059,2025-06-22,Flyer,117
ORDER00028,CUST0270,2025-06-23,Business Card,1339
ORDER00775,CUST0231,2025-06-23,Photo Book,2412
ORDER00931,CUST0027,2025-06-23,Photo Book,2011
ORDER00084,CUST0157,2025-06-24,Photo Book,2675
ORDER00147,CUST0179,2025-06-24,Business Card,966
ORDER00455,CUST0261,2025-06-24,Business Card,1381
ORDER00309,CUST0187,2025-06-25,Poster,1612
ORDER00473,CUST0120,2025-06-25,Flyer,889
ORDER00898,CUST0291,2025-06-25,Greeting Card,451
ORDER00448,CUST0107,2025-06-26,Flyer,118
ORDER00600,CUST0021,2025-06-26,Flyer,993
ORDER00727,CUST0243,2025-06-26,Canvas Print,4424
ORDER00865,CUST0053,2025-06-26,Greeting Card,572
ORDER00900,CUST0267,2025-06-26,Poster,1375
ORDER00232,CUST0197,2025-06-27,Greeting Card,426
ORDER00707,CUST0012,2025-06-27,Canvas Print,4449
ORDER00822,CUST0179,2025-06-27,Business Card,1167
ORDER00142,CUST0294,2025-06-28,Flyer,98
ORDER00052,CUST0145,2025-06-29,Business Card,1175
ORDER00523,CUST0188,2025-06-29,Greeting Card,499
ORDER00642,CUST0205,2025-06-29,Greeting Card,519
ORDER00718,CUST0288,2025-06-29,Poster,171
ORDER00156,CUST0063,2025-06-30,Photo Book,2762
ORDER00959,CUST0141,2025-06-30,Greeting Card,464
ORDER00040,CUST0089,2025-07-01,Flyer,963
ORDER00371,CUST0282,2025-07-03,Greeting Card,517
ORDER00486,CUST0040,2025-07-03,Canvas Print,3444
ORDER00221,CUST0263,2025-07-04,Poster,1669
ORDER00375,CUST0117,2025-07-04,Poster,125
ORDER00462,CUST0020,2025-07-04,Greeting Card,426
ORDER00501,CUST0224,2025-07-04,Flyer,1111
ORDER00803,CUST0165,2025-07-04,Poster,1529
ORDER00958,CUST0047,2025-07-04,Poster,1339
ORDER00539,CUST0295,2025-07-06,Greeting Card,573
ORDER00799,CUST0121,2025-07-06,Photo Book,2011
ORDER00824,CUST0012,2025-07-06,Canvas Print,3933
ORDER00861,CUST0001,2025-07-06,Flyer,931
ORDER00484,CUST0170,2025-07-07,Canvas Print,3666
ORDER00492,CUST0251,2025-07-07,Poster,1236
ORDER00768,CUST0293,2025-07-07,Greeting Card,526
ORDER00719,CUST0300,2025-07-08,Canvas Print,3751
ORDER00777,CUST0028,2025-07-08,Greeting Card,486
ORDER00079,CUST0159,2025-07-09,Poster,1434
ORDER00089,CUST0173,2025-07-09,Business Card,1374
ORDER00242,CUST0226,2025-07-09,Canvas Print,3947
ORDER00259,CUST0237,2025-07-09,Photo Book,2894
ORDER00629,CUST0015,2025-07-09,Greeting Card,568
ORDER00667,CUST0202,2025-07-09,Business Card,1307
ORDER00789,CUST0093,2025-07-09,Greeting Card,557
ORDER00027,CUST0229,2025-07-10,Flyer,978
ORDER00348,CUST0044,2025-07-10,Greeting Card,527
ORDER00522,CUST0155,2025-07-10,Flyer,1172
ORDER00604,CUST0257,2025-07-10,Business Card,988
ORDER00710,CUST0122,2025-07-10,Business Card,1427
ORDER00879,CUST0077,2025-07-10,Photo Book,203
ORDER00266,CUST0154,2025-07-11,Flyer,1198
ORDER00286,CUST0134,2025-07-11,Flyer,933
ORDER00480,CUST0029,2025-07-11,Poster,1605
ORDER00131,CUST0149,2025-07-12,Photo Book,2817
ORDER00226,CUST0112,2025-07-12,Business Card,1181
ORDER00780,CUST0229,2025-07-12,Greeting Card,449
ORDER00350,CUST0057,2025-07-13,Photo Book,2463
ORDER00712,CUST0055,2025-07-13,Poster,1295
ORDER00128,CUST0182,2025-07-14,Business Card,1348
ORDER00495,CUST0037,2025-07-14,Poster,1794
ORDER00875,CUST0176,2025-07-14,Photo Book,2654
ORDER00019,CUST0236,2025-07-15,Photo Book,2082
ORDER00502,CUST0115,2025-07-15,Canvas Print,3528
ORDER00180,CUST0257,2025-07-16,Poster,1755
ORDER00240,CUST0256,2025-07-16,Greeting Card,412
ORDER00680,CUST0174,2025-07-16,Canvas Print,4175
ORDER00747,CUST0262,2025-07-16,Business Card,122
ORDER00771,CUST0014,2025-07-16,Canvas Print,3499
ORDER00067,CUST0157,2025-07-17,Greeting Card,563
ORDER00760,CUST0282,2025-07-17,Business Card,1112
ORDER00107,CUST0141,2025-07-18,Flyer,1058
ORDER00419,CUST0266,2025-07-19,Flyer,1088
ORDER00816,CUST0119,2025-07-19,Photo Book,269
ORDER00258,CUST0040,2025-07-20,Business Card,1308
ORDER00058,CUST0134,2025-07-21,Business Card,136
ORDER00315,CUST0111,2025-07-21,Canvas Print,4316
ORDER00386,CUST0152,2025-07-21,Flyer,1175
ORDER00412,CUST0029,2025-07-21,Photo Book,2634
ORDER00528,CUST0249,2025-07-21,Photo Book,2761
ORDER00930,CUST0052,2025-07-21,Photo Book,2713
ORDER00053,CUST0225,2025-07-22,Greeting Card,495
ORDER00572,CUST0164,2025-07-22,Greeting Card,446
ORDER00254,CUST0115,2025-07-24,Business Card,1172
ORDER00729,CUST0093,2025-07-24,Flyer,974
ORDER00114,CUST0293,2025-07-25,Poster,1293
ORDER00199,CUST0008,2025-07-25,Flyer,1109
ORDER00511,CUST0147,2025-07-25,Flyer,1163
ORDER00553,CUST0060,2025-07-25,Flyer,1009
ORDER00773,CUST0084,2025-07-25,Photo Book,2391
ORDER00427,CUST0153,2025-07-26,Photo Book,2395
ORDER00074,CUST0010,2025-07-27,Flyer,107
ORDER00003,CUST0178,2025-07-28,Business Card,1166
ORDER00034,CUST0078,2025-07-28,Poster,1782
ORDER00077,CUST0118,2025-07-28,Business Card,1406
ORDER00409,CUST0096,2025-07-28,Business Card,1376
ORDER00456,CUST0054,2025-07-29,Greeting Card,408
ORDER00685,CUST0009,2025-07-29,Poster,1275
ORDER00368,CUST0266,2025-07-30,Poster,1629
ORDER00561,CUST0017,2025-07-30,Photo Book,2829
ORDER00812,CUST0020,2025-07-30,Business Card,1208
ORDER00910,CUST0012,2025-07-30,Photo Book,2787
ORDER00048,CUST0023,2025-07-31,Flyer,98
ORDER00901,CUST0110,2025-07-31,Greeting Card,554
ORDER00435,CUST0295,2025-08-01,Flyer,1032
ORDER00630,CUST0153,2025-08-01,Greeting Card,429
ORDER00985,CUST0146,2025-08-01,Poster,1449
ORDER00023,CUST0001,2025-08-03,Greeting Card,468
ORDER00301,CUST0282,2025-08-03,Flyer,1129
ORDER00319,CUST0289,2025-08-03,Greeting Card,536
ORDER00538,CUST0012,2025-08-03,Greeting Card,512
ORDER00842,CUST0234,2025-08-03,Flyer,1176
ORDER00945,CUST0263,2025-08-03,Poster,1466
ORDER00460,CUST0009,2025-08-04,Canvas Print,3628
ORDER00442,CUST0260,2025-08-05,Canvas Print,336
ORDER00556,CUST0278,2025-08-05,Poster,1752
ORDER00087,CUST0157,2025-08-06,Greeting Card,591
ORDER00228,CUST0285,2025-08-06,Photo Book,2148
ORDER00339,CUST0291,2025-08-06,Photo Book,2215
ORDER00361,CUST0089,2025-08-06,Greeting Card,565
ORDER00499,CUST0114,2025-08-06,Business Card,1269
ORDER00354,CUST0264,2025-08-07,Canvas Print,4101
ORDER00832,CUST0217,2025-08-07,Poster,1603
ORDER00731,CUST0213,2025-08-08,Greeting Card,462
ORDER00860,CUST0289,2025-08-08,Poster,1646
ORDER00937,CUST0144,2025-08-08,Flyer,1177
ORDER00133,CUST0202,2025-08-09,Greeting Card,477
ORDER00176,CUST0286,2025-08-09,Flyer,1013
ORDER00316,CUST0152,2025-08-09,Canvas Print,321
ORDER00611,CUST0012,2025-08-09,Poster,1449
ORDER00736,CUST0220,2025-08-09,Photo Book,2016
ORDER00158,CUST0154,2025-08-10,Photo Book,234
ORDER00164,CUST0118,2025-08-10,Poster,1558
ORDER00322,CUST0239,2025-08-10,Photo Book,2242
ORDER00573,CUST0251,2025-08-10,Greeting Card,492
ORDER00468,CUST0216,2025-08-11,Canvas Print,3491
ORDER00518,CUST0045,2025-08-11,Business Card,1219
ORDER00808,CUST0108,2025-08-11,Greeting Card,441
ORDER00169,CUST0224,2025-08-12,Poster,1548
ORDER00320,CUST0250,2025-08-12,Photo Book,2113
ORDER00560,CUST0192,2025-08-12,Poster,1209
ORDER00717,CUST0183,2025-08-12,Canvas Print,34
ORDER00795,CUST0171,2025-08-12,Flyer,1196
ORDER00363,CUST0143,2025-08-14,Poster,1363
ORDER00392,CUST0171,2025-08-14,Poster,1707
ORDER00761,CUST0008,2025-08-14,Photo Book,2816
ORDER00106,CUST0218,2025-08-15,Canvas Print,386
ORDER00300,CUST0292,2025-08-15,Canvas Print,4699
ORDER00479,CUST0123,2025-08-15,Flyer,1152
ORDER00723,CUST0037,2025-08-15,Business Card,1062
ORDER00943,CUST0132,2025-08-15,Photo Book,2008
ORDER00449,CUST0226,2025-08-16,Flyer,813
ORDER00489,CUST0226,2025-08-16,Poster,1762
ORDER00627,CUST0024,2025-08-18,Business Card,1165
ORDER00874,CUST0089,2025-08-18,Flyer,882
ORDER00119,CUST0051,2025-08-19,Poster,1697
ORDER00997,CUST0293,2025-08-19,Business Card,1121
ORDER00021,CUST0076,2025-08-20,Business Card,1183
ORDER00227,CUST0036,2025-08-20,Business Card,1311
ORDER00791,CUST0257,2025-08-20,Business Card,1016
ORDER00902,CUST0265,2025-08-20,Greeting Card,485
ORDER00200,CUST0247,2025-08-21,Greeting Card,596
ORDER00081,CUST0216,2025-08-22,Poster,1729
ORDER00256,CUST0014,2025-08-24,Business Card,1401
ORDER00370,CUST0199,2025-08-25,Business Card,139
ORDER00914,CUST0228,2025-08-26,Business Card,136
ORDER00980,CUST0019,2025-08-26,Poster,1519
ORDER00094,CUST0292,2025-08-27,Poster,1723
ORDER00625,CUST0199,2025-08-27,Business Card,1305
ORDER00858,CUST0232,2025-08-27,Greeting Card,533
ORDER00341,CUST0229,2025-08-28,Flyer,1104
ORDER00521,CUST0191,2025-08-28,Poster,1614
ORDER00662,CUST0080,2025-08-29,Flyer,1019
ORDER00714,CUST0173,2025-08-29,Business Card,1007
ORDER00781,CUST0261,2025-08-29,Poster,1414
ORDER00882,CUST0102,2025-08-29,Photo Book,2077
ORDER00076,CUST0123,2025-08-30,Canvas Print,3921
ORDER00265,CUST0004,2025-08-30,Canvas Print,3962
ORDER00274,CUST0128,2025-08-30,Flyer,812
ORDER00302,CUST0029,2025-08-30,Canvas Print,4495
ORDER00324,CUST0227,2025-08-30,Poster,1287
ORDER00405,CUST0247,2025-08-31,Greeting Card,6
ORDER00675,CUST0154,2025-08-31,Business Card,1109
ORDER00378,CUST0176,2025-09-01,Canvas Print,3408
ORDER00772,CUST0231,2025-09-01,Photo Book,202
ORDER00792,CUST0133,2025-09-01,Greeting Card,556
ORDER00043,CUST0104,2025-09-02,Canvas Print,3264
ORDER00187,CUST0166,2025-09-02,Canvas Print,4537
ORDER00248,CUST0120,2025-09-03,Photo Book,2755
ORDER00425,CUST0146,2025-09-03,Business Card,1322
ORDER00798,CUST0284,2025-09-03,Canvas Print,4664
ORDER00018,CUST0069,2025-09-04,Poster,1617
ORDER00068,CUST0038,2025-09-05,Business Card,1097
ORDER00294,CUST0122,2025-09-05,Photo Book,2002
ORDER00424,CUST0158,2025-09-06,Business Card,1342
ORDER00741,CUST0096,2025-09-06,Canvas Print,4549
ORDER00956,CUST0172,2025-09-06,Canvas Print,3798
ORDER00653,CUST0102,2025-09-07,Poster,1664
ORDER00716,CUST0119,2025-09-07,Business Card,1019
ORDER00894,CUST0199,2025-09-07,Flyer,913
ORDER00381,CUST0223,2025-09-08,Greeting Card,514
ORDER00778,CUST0066,2025-09-08,Canvas Print,4605
ORDER00025,CUST0060,2025-09-09,Business Card,1042
ORDER00402,CUST0170,2025-09-09,Business Card,1089
ORDER00534,CUST0082,2025-09-09,Canvas Print,4417
ORDER00191,CUST0131,2025-09-10,Flyer,978
ORDER00735,CUST0004,2025-09-10,Canvas Print,4651
ORDER00940,CUST0146,2025-09-10,Photo Book,2826
ORDER00050,CUST0143,2025-09-11,Canvas Print,4196
ORDER00380,CUST0082,2025-09-11,Flyer,1147
ORDER00695,CUST0251,2025-09-11,Canvas Print,4406
ORDER00323,CUST0148,2025-09-12,Business Card,119
ORDER00647,CUST0095,2025-09-12,Business Card,1382
ORDER00661,CUST0160,2025-09-12,Poster,1435
ORDER00846,CUST0157,2025-09-12,Flyer,949
ORDER00184,CUST0113,2025-09-13,Flyer,859
ORDER00197,CUST0288,2025-09-13,Greeting Card,406
ORDER00441,CUST0052,2025-09-13,Photo Book,2544
ORDER00952,CUST0298,2025-09-13,Photo Book,2216
ORDER00434,CUST0198,2025-09-14,Flyer,987
ORDER00869,CUST0192,2025-09-14,Flyer,1199
ORDER00041,CUST0296,2025-09-15,Poster,1735
ORDER00938,CUST0106,2025-09-15,Business Card,1318
ORDER00995,CUST0149,2025-09-15,Poster,1346
ORDER00385,CUST0159,2025-09-16,Business Card,1141
ORDER00620,CUST0008,2025-09-16,Canvas Print,473
ORDER00391,CUST0293,2025-09-17,Canvas Print,4688
ORDER00966,CUST0271,2025-09-17,Poster,1731
ORDER00351,CUST0012,2025-09-18,Greeting Card,447
ORDER00358,CUST0198,2025-09-18,Business Card,1153
ORDER00512,CUST0168,2025-09-18,Business Card,1039
ORDER00222,CUST0161,2025-09-19,Photo Book,2735
ORDER00984,CUST0202,2025-09-19,Photo Book,2345
ORDER00229,CUST0188,2025-09-20,Greeting Card,571
ORDER00487,CUST0025,2025-09-20,Business Card,1392
ORDER00496,CUST0176,2025-09-20,Greeting Card,448
ORDER00238,CUST0261,2025-09-21,Greeting Card,549
ORDER00408,CUST0274,2025-09-21,Photo Book,2385
ORDER00848,CUST0086,2025-09-21,Greeting Card,525
ORDER00982,CUST0060,2025-09-21,Photo Book,2297
ORDER00097,CUST0283,2025-09-22,Greeting Card,56
ORDER00154,CUST0177,2025-09-22,Photo Book,2646
ORDER00623,CUST0174,2025-09-22,Poster,1335
ORDER00113,CUST0133,2025-09-23,Canvas Print,3385
ORDER00046,CUST0179,2025-09-24,Greeting Card,448
ORDER00515,CUST0059,2025-09-25,Flyer,1179
ORDER00683,CUST0106,2025-09-25,Canvas Print,3605
ORDER00811,CUST0293,2025-09-25,Business Card,1251
ORDER00011,CUST0084,2025-09-26,Flyer,1095
ORDER00170,CUST0141,2025-09-26,Greeting Card,512
ORDER00598,CUST0236,2025-09-26,Flyer,998
ORDER00951,CUST0241,2025-09-26,Poster,1697
ORDER01000,CUST0011,2025-09-28,Flyer,1194
ORDER00796,CUST0001,2025-09-30,Photo Book,2325
ORDER00801,CUST0175,2025-09-30,Poster,1786
ORDER00970,CUST0170,2025-09-30,Business Card,966
ORDER00976,CUST0293,2025-09-30,Business Card,1195
ORDER00500,CUST0040,2025-10-01,Photo Book,2561
ORDER00827,CUST0242,2025-10-01,Business Card,1268
ORDER00526,CUST0235,2025-10-02,Flyer,966
ORDER00872,CUST0161,2025-10-02,Business Card,1282
ORDER00085,CUST0136,2025-10-03,Business Card,1102
ORDER00251,CUST0128,2025-10-03,Business Card,1196
ORDER00292,CUST0173,2025-10-03,Greeting Card,599
ORDER00794,CUST0264,2025-10-03,Photo Book,2601
ORDER00577,CUST0033,2025-10-04,Greeting Card,571
ORDER00617,CUST0060,2025-10-04,Canvas Print,4544
ORDER00056,CUST0039,2025-10-05,Photo Book,2854
ORDER00168,CUST0257,2025-10-05,Business Card,1364
ORDER00285,CUST0287,2025-10-05,Greeting Card,564
ORDER00504,CUST0056,2025-10-05,Flyer,1048
ORDER00813,CUST0282,2025-10-05,Photo Book,274
ORDER00476,CUST0098,2025-10-06,Photo Book,2568
ORDER00730,CUST0207,2025-10-06,Business Card,1224
ORDER00784,CUST0010,2025-10-06,Flyer,1071
ORDER00364,CUST0059,2025-10-07,Poster,1441
ORDER00394,CUST0039,2025-10-07,Poster,1283
ORDER00404,CUST0251,2025-10-07,Business Card,1264
ORDER00565,CUST0120,2025-10-07,Poster,1437
ORDER00621,CUST0079,2025-10-07,Photo Book,2148
ORDER00734,CUST0293,2025-10-07,Photo Book,2387
ORDER00211,CUST0291,2025-10-08,Canvas Print,4284
ORDER00020,CUST0137,2025-10-09,Greeting Card,582
ORDER00099,CUST0148,2025-10-09,Business Card,1004
ORDER00029,CUST0286,2025-10-10,Greeting Card,528
ORDER00096,CUST0299,2025-10-10,Flyer,1066
ORDER00054,CUST0104,2025-10-11,Flyer,1036
ORDER00136,CUST0291,2025-10-11,Canvas Print,3324
ORDER00243,CUST0053,2025-10-11,Flyer,814
ORDER00261,CUST0201,2025-10-11,Business Card,1173
ORDER00438,CUST0226,2025-10-11,Flyer,1067
ORDER00636,CUST0009,2025-10-11,Flyer,1129
ORDER00853,CUST0218,2025-10-11,Greeting Card,444
ORDER00797,CUST0064,2025-10-12,Photo Book,2941
ORDER00172,CUST0211,2025-10-13,Poster,13
ORDER00650,CUST0011,2025-10-13,Flyer,1131
ORDER00690,CUST0204,2025-10-13,Greeting Card,552
ORDER00763,CUST0240,2025-10-13,Poster,1243
ORDER00002,CUST0161,2025-10-14,Poster,1371
ORDER00239,CUST0293,2025-10-14,Greeting Card,51
ORDER00291,CUST0237,2025-10-14,Greeting Card,44
ORDER00340,CUST0131,2025-10-14,Poster,145
ORDER00461,CUST0099,2025-10-14,Poster,1332
ORDER00421,CUST0177,2025-10-15,Business Card,1377
ORDER00867,CUST0090,2025-10-15,Business Card,1206
ORDER00950,CUST0071,2025-10-15,Business Card,1379
ORDER00953,CUST0036,2025-10-15,Business Card,1348
ORDER00075,CUST0005,2025-10-16,Poster,1227
ORDER00744,CUST0117,2025-10-16,Greeting Card,5
ORDER00140,CUST0090,2025-10-17,Business Card,1069
ORDER00246,CUST0202,2025-10-17,Flyer,1005
ORDER00834,CUST0185,2025-10-17,Poster,1515
ORDER00390,CUST0131,2025-10-19,Photo Book,2565
ORDER00377,CUST0137,2025-10-20,Business Card,1357
ORDER00423,CUST0142,2025-10-20,Business Card,1271
ORDER00558,CUST0242,2025-10-20,Canvas Print,3542
ORDER00878,CUST0245,2025-10-20,Poster,1747
ORDER00999,CUST0160,2025-10-21,Poster,1543
ORDER00482,CUST0195,2025-10-22,Greeting Card,566
ORDER00541,CUST0013,2025-10-22,Poster,1739
ORDER00699,CUST0022,2025-10-22,Poster,1361
ORDER00686,CUST0262,2025-10-23,Photo Book,2337
ORDER00746,CUST0066,2025-10-23,Flyer,1014
ORDER00132,CUST0137,2025-10-24,Business Card,992
ORDER00181,CUST0078,2025-10-24,Business Card,1159
ORDER00014,CUST0265,2025-10-25,Canvas Print,459
ORDER00063,CUST0111,2025-10-25,Poster,1331
ORDER00122,CUST0297,2025-10-25,Photo Book,2695
ORDER00252,CUST0224,2025-10-25,Flyer,1009
ORDER00359,CUST0200,2025-10-25,Canvas Print,3454
ORDER00830,CUST0299,2025-10-25,Photo Book,2564
ORDER00559,CUST0219,2025-10-26,Greeting Card,403
ORDER00648,CUST0166,2025-10-26,Canvas Print,3936
ORDER00899,CUST0102,2025-10-28,Business Card,1434
ORDER00038,CUST0237,2025-10-29,Poster,179
ORDER00631,CUST0222,2025-10-29,Greeting Card,486
ORDER00313,CUST0098,2025-10-30,Poster,1579
ORDER00420,CUST0065,2025-10-30,Flyer,948
ORDER00619,CUST0093,2025-10-30,Business Card,107
ORDER00720,CUST0082,2025-10-30,Flyer,812
ORDER00890,CUST0213,2025-10-30,Photo Book,2333
ORDER00941,CUST0002,2025-10-30,Business Card,1174
ORDER00064,CUST0157,2025-11-01,Photo Book,2397
ORDER00207,CUST0051,2025-11-01,Photo Book,2827
ORDER00264,CUST0235,2025-11-01,Canvas Print,4491
ORDER00896,CUST0093,2025-11-02,Canvas Print,3836
ORDER00326,CUST0201,2025-11-03,Greeting Card,533
ORDER00497,CUST0284,2025-11-03,Photo Book,2531
ORDER00949,CUST0159,2025-11-03,Business Card,997
ORDER00969,CUST0125,2025-11-03,Greeting Card,483
ORDER00129,CUST0001,2025-11-04,Photo Book,2216
ORDER00416,CUST0272,2025-11-04,Greeting Card,437
ORDER00614,CUST0208,2025-11-04,Flyer,1151
ORDER00721,CUST0211,2025-11-04,Flyer,821
ORDER00843,CUST0008,2025-11-04,Photo Book,2007
ORDER00335,CUST0104,2025-11-05,Photo Book,2842
ORDER00742,CUST0105,2025-11-05,Greeting Card,42
ORDER00935,CUST0291,2025-11-05,Business Card,1208
ORDER00965,CUST0009,2025-11-05,Greeting Card,559
ORDER00606,CUST0015,2025-11-06,Photo Book,2276
ORDER00895,CUST0143,2025-11-06,Canvas Print,4459
ORDER00688,CUST0223,2025-11-07,Poster,1443
ORDER00829,CUST0251,2025-11-07,Photo Book,2373
ORDER00876,CUST0269,2025-11-07,Greeting Card,564
ORDER00098,CUST0069,2025-11-08,Business Card,1278
ORDER00270,CUST0215,2025-11-08,Canvas Print,3677
ORDER00602,CUST0262,2025-11-08,Canvas Print,3345
ORDER00485,CUST0009,2025-11-09,Canvas Print,3531
ORDER00715,CUST0221,2025-11-09,Business Card,1346
ORDER00519,CUST0181,2025-11-11,Greeting Card,412
ORDER00682,CUST0143,2025-11-11,Photo Book,2818
ORDER00852,CUST0119,2025-11-11,Photo Book,294
ORDER00152,CUST0198,2025-11-12,Poster,1507
ORDER00379,CUST0215,2025-11-12,Canvas Print,4104
ORDER00555,CUST0037,2025-11-12,Business Card,118
ORDER00917,CUST0021,2025-11-12,Greeting Card,429
ORDER00051,CUST0153,2025-11-13,Photo Book,247
ORDER00676,CUST0103,2025-11-13,Poster,1639
ORDER00886,CUST0082,2025-11-13,Flyer,886
ORDER00892,CUST0065,2025-11-13,Poster,143
ORDER00093,CUST0243,2025-11-14,Poster,1224
ORDER00135,CUST0154,2025-11-14,Greeting Card,481
ORDER00904,CUST0085,2025-11-14,Photo Book,28
ORDER00498,CUST0081,2025-11-15,Photo Book,2651
ORDER00330,CUST0296,2025-11-16,Greeting Card,459
ORDER00353,CUST0216,2025-11-17,Photo Book,229
ORDER00567,CUST0270,2025-11-18,Business Card,1424
ORDER00637,CUST0166,2025-11-18,Business Card,1387
ORDER00384,CUST0014,2025-11-19,Canvas Print,3876
ORDER00672,CUST0233,2025-11-19,Canvas Print,4612
ORDER00988,CUST0069,2025-11-19,Business Card,1018
ORDER00007,CUST0172,2025-11-20,Business Card,1276
ORDER00045,CUST0288,2025-11-20,Flyer,1163
ORDER00026,CUST0267,2025-11-21,Canvas Print,4717
ORDER00308,CUST0113,2025-11-21,Poster,1368
ORDER00847,CUST0005,2025-11-21,Poster,123
ORDER00483,CUST0226,2025-11-22,Business Card,1251
ORDER00748,CUST0295,2025-11-22,Greeting Card,486
ORDER00581,CUST0026,2025-11-24,Flyer,951
ORDER00915,CUST0271,2025-11-24,Greeting Card,5
ORDER00919,CUST0117,2025-11-24,Poster,1452
ORDER00376,CUST0007,2025-11-25,Canvas Print,4689
ORDER00873,CUST0169,2025-11-25,Poster,1621
ORDER00978,CUST0050,2025-11-25,Poster,1644
ORDER00317,CUST0246,2025-11-26,Greeting Card,42
ORDER00110,CUST0111,2025-11-27,Poster,1559
ORDER00165,CUST0063,2025-11-27,Canvas Print,3362
ORDER00697,CUST0084,2025-11-27,Greeting Card,454
ORDER00887,CUST0279,2025-11-27,Greeting Card,519
ORDER00907,CUST0221,2025-11-27,Poster,1749
ORDER00150,CUST0025,2025-11-28,Greeting Card,479
ORDER00615,CUST0027,2025-11-28,Greeting Card,595
ORDER00802,CUST0204,2025-11-29,Greeting Card,421
ORDER00960,CUST0118,2025-11-30,Greeting Card,581
ORDER00115,CUST0127,2025-12-02,Flyer,869
ORDER00306,CUST0011,2025-12-02,Poster,1439
ORDER00508,CUST0289,2025-12-02,Business Card,1093
ORDER00762,CUST0100,2025-12-03,Greeting Card,5
ORDER00815,CUST0001,2025-12-03,Greeting Card,51
ORDER00855,CUST0145,2025-12-03,Poster,157
ORDER00928,CUST0275,2025-12-03,Photo Book,221
ORDER00059,CUST0067,2025-12-04,Canvas Print,455
ORDER00124,CUST0267,2025-12-04,Business Card,1175
ORDER00327,CUST0154,2025-12-04,Flyer,884
ORDER00524,CUST0007,2025-12-04,Poster,1338
ORDER00709,CUST0243,2025-12-04,Poster,1303
ORDER00151,CUST0180,2025-12-05,Business Card,1212
ORDER00382,CUST0103,2025-12-05,Greeting Card,581
ORDER00546,CUST0017,2025-12-05,Greeting Card,478
ORDER00963,CUST0220,2025-12-05,Poster,1409
ORDER00268,CUST0109,2025-12-06,Flyer,801
ORDER00338,CUST0039,2025-12-06,Photo Book,2034
ORDER00552,CUST0224,2025-12-06,Photo Book,2953
ORDER00311,CUST0232,2025-12-07,Greeting Card,461
ORDER00996,CUST0150,2025-12-07,Flyer,907
ORDER00250,CUST0215,2025-12-08,Business Card,1105
ORDER00373,CUST0250,2025-12-08,Poster,1404
ORDER00477,CUST0267,2025-12-08,Canvas Print,4261
ORDER00586,CUST0039,2025-12-08,Canvas Print,3485
ORDER00638,CUST0214,2025-12-08,Greeting Card,509
ORDER00766,CUST0014,2025-12-08,Photo Book,2851
ORDER00909,CUST0153,2025-12-08,Flyer,814
ORDER00961,CUST0277,2025-12-09,Flyer,831
ORDER00091,CUST0095,2025-12-10,Greeting Card,544
ORDER00109,CUST0210,2025-12-10,Greeting Card,578
ORDER00700,CUST0003,2025-12-10,Business Card,1262
ORDER00137,CUST0063,2025-12-11,Greeting Card,509
ORDER00589,CUST0157,2025-12-11,Photo Book,2254
ORDER00933,CUST0239,2025-12-11,Business Card,1404
ORDER00516,CUST0169,2025-12-12,Canvas Print,374
ORDER00821,CUST0161,2025-12-12,Flyer,827
ORDER00071,CUST0254,2025-12-13,Greeting Card,576
ORDER00167,CUST0049,2025-12-13,Flyer,1012
ORDER00517,CUST0269,2025-12-13,Business Card,1308
ORDER00657,CUST0088,2025-12-13,Greeting Card,493
ORDER00161,CUST0084,2025-12-14,Greeting Card,401
ORDER00334,CUST0061,2025-12-15,Poster,155
ORDER00708,CUST0025,2025-12-15,Photo Book,2708
ORDER00854,CUST0114,2025-12-15,Greeting Card,545
ORDER00422,CUST0003,2025-12-16,Flyer,1092
ORDER00471,CUST0227,2025-12-16,Poster,1405
ORDER00673,CUST0077,2025-12-16,Canvas Print,3283
ORDER00862,CUST0147,2025-12-16,Canvas Print,4624
ORDER00991,CUST0108,2025-12-16,Photo Book,2118
ORDER00116,CUST0106,2025-12-17,Canvas Print,4221
ORDER00453,CUST0262,2025-12-17,Photo Book,2267
ORDER00870,CUST0063,2025-12-17,Greeting Card,446
ORDER00030,CUST0291,2025-12-18,Flyer,1071
ORDER00329,CUST0201,2025-12-18,Flyer,961
ORDER00062,CUST0015,2025-12-19,Business Card,117
ORDER00037,CUST0089,2025-12-20,Business Card,1187
ORDER00314,CUST0055,2025-12-20,Canvas Print,4123
ORDER00395,CUST0015,2025-12-20,Poster,1353
ORDER00757,CUST0040,2025-12-20,Poster,1685
ORDER00805,CUST0044,2025-12-20,Greeting Card,511
ORDER00841,CUST0126,2025-12-20,Business Card,1062
ORDER00143,CUST0210,2025-12-21,Photo Book,2579
ORDER00198,CUST0178,2025-12-21,Canvas Print,4753
ORDER00576,CUST0029,2025-12-21,Business Card,1327
ORDER00055,CUST0104,2025-12-22,Canvas Print,4059
ORDER00086,CUST0261,2025-12-22,Flyer,1087
ORDER00216,CUST0120,2025-12-22,Photo Book,2583
ORDER00413,CUST0245,2025-12-22,Canvas Print,4433
ORDER00582,CUST0226,2025-12-22,Poster,1531
ORDER00749,CUST0243,2025-12-22,Greeting Card,462
ORDER00817,CUST0035,2025-12-22,Business Card,1029
ORDER00065,CUST0289,2025-12-23,Canvas Print,3271
ORDER00210,CUST0264,2025-12-23,Photo Book,2507
ORDER00278,CUST0017,2025-12-23,Greeting Card,553
ORDER00356,CUST0081,2025-12-23,Flyer,1167
ORDER00410,CUST0227,2025-12-23,Poster,1486
ORDER00679,CUST0090,2025-12-23,Flyer,1104
ORDER00774,CUST0130,2025-12-23,Flyer,877
ORDER00039,CUST0042,2025-12-24,Greeting Card,454
ORDER00866,CUST0069,2025-12-25,Greeting Card,563
ORDER00884,CUST0102,2025-12-25,Business Card,113
ORDER00585,CUST0099,2025-12-26,Canvas Print,4493
ORDER00357,CUST0215,2025-12-27,Business Card,1306
ORDER00403,CUST0034,2025-12-27,Greeting Card,495
ORDER00437,CUST0062,2025-12-27,Canvas Print,3269
ORDER00445,CUST0148,2025-12-27,Flyer,1164
ORDER00645,CUST0277,2025-12-27,Business Card,1135
ORDER00656,CUST0179,2025-12-27,Photo Book,2516
ORDER00031,CUST0213,2025-12-28,Poster,1279
ORDER00263,CUST0278,2025-12-29,Flyer,1037
ORDER00414,CUST0236,2025-12-29,Business Card,961
ORDER00839,CUST0294,2025-12-30,Canvas Print,3919
ORDER00871,CUST0073,2025-12-30,Canvas Print,4075
ORDER00117,CUST0092,2025-12-31,Photo Book,2741
ORDER00162,CUST0177,2025-12-31,Canvas Print,3817
ORDER00562,CUST0012,2025-12-31,Greeting Card,546
ORDER00974,CUST0049,2025-12-31,Greeting Card,544
